    -1
  2411
         1         1         1        11
   1.0000000000000000D+00   5.0000000000000000D+00   1.0000000000000000D+01
         2         1         1        11
   3.0000000000000000D+00   5.0000000000000000D+00   2.0000000000000000D+01
         3         1         1        11
   0.0000000000000000D+00   0.0000000000000000D+00   0.0000000000000000D+00
         4         1         1        11
  -4.4408920985009999D-16  -4.8985871965889997D-16   2.0000000000000000D+00
         5         1         1        11
   8.7387265667235650D-31   2.0000000000000000D+00  -3.9355725709594447D-15
         6         1         1        11
   0.0000000000000000D+00   0.0000000000000000D+00   1.0000000000000000D+01
         7         1         1        11
   0.0000000000000000D+00   1.0000000000000000D+01   1.0000000000000000D+01
         8         1         1        11
   0.0000000000000000D+00   1.0000000000000000D+01   0.0000000000000000D+00
         9         1         1        11
   1.0000000000000000D+01   0.0000000000000000D+00   0.0000000000000000D+00
        10         1         1        11
   1.0000000000000000D+01   0.0000000000000000D+00   1.0000000000000000D+01
        11         1         1        11
   1.0000000000000000D+01   1.0000000000000000D+01   0.0000000000000000D+00
        12         1         1        11
   1.0000000000000000D+01   1.0000000000000000D+01   1.0000000000000000D+01
        13         1         1        11
  -1.0000000000000000D+01  -4.8985871965889997D-16   2.0000000000000000D+00
        14         1         1        11
   2.1715728752538048D+00   7.8284271247461854D+00   1.0000000000000000D+01
        15         1         1        11
   4.9999999999999876D+00   9.0000000000000000D+00   1.0000000000000000D+01
        16         1         1        11
   7.8284271247461792D+00   7.8284271247462014D+00   1.0000000000000000D+01
        17         1         1        11
   9.0000000000000000D+00   5.0000000000000169D+00   1.0000000000000000D+01
        18         1         1        11
   7.8284271247462032D+00   2.1715728752538230D+00   1.0000000000000000D+01
        19         1         1        11
   5.0000000000000151D+00   1.0000000000000000D+00   1.0000000000000000D+01
        20         1         1        11
   2.1715728752538150D+00   2.1715728752538039D+00   1.0000000000000000D+01
        21         1         1        11
   2.5000000000004889D+00   5.0000000000000000D+00   1.7499999999999901D+01
        22         1         1        11
   2.0000000000009779D+00   5.0000000000000000D+00   1.4999999999999790D+01
        23         1         1        11
   1.5000000000014690D+00   5.0000000000000000D+00   1.2499999999999689D+01
        24         1         1        11
   3.7530203962825301D+00   6.5636629649360572D+00   2.0000000000000000D+01
        25         1         1        11
   5.4450418679126216D+00   6.9498558243636488D+00   2.0000000000000000D+01
        26         1         1        11
   6.8019377358048354D+00   5.8677674782351232D+00   2.0000000000000000D+01
        27         1         1        11
   6.8019377358048434D+00   4.1322325217648919D+00   2.0000000000000000D+01
        28         1         1        11
   5.4450418679126376D+00   3.0501441756363552D+00   2.0000000000000000D+01
        29         1         1        11
   3.7530203962825381D+00   3.4363370350639371D+00   2.0000000000000000D+01
        30         1         1        11
  -3.1401849173671081D-16   1.4142135623730949D+00   1.4142135623730949D+00
        31         1         1        11
   0.0000000000000000D+00   0.0000000000000000D+00   4.6666666666666634D+00
        32         1         1        11
   0.0000000000000000D+00   0.0000000000000000D+00   7.3333333333333233D+00
        33         1         1        11
   0.0000000000000000D+00   2.5000000000000000D+00   1.0000000000000000D+01
        34         1         1        11
   0.0000000000000000D+00   5.0000000000000000D+00   1.0000000000000000D+01
        35         1         1        11
   0.0000000000000000D+00   7.5000000000000000D+00   1.0000000000000000D+01
        36         1         1        11
   0.0000000000000000D+00   1.0000000000000000D+01   2.5000000000000000D+00
        37         1         1        11
   0.0000000000000000D+00   1.0000000000000000D+01   5.0000000000000000D+00
        38         1         1        11
   0.0000000000000000D+00   1.0000000000000000D+01   7.5000000000000000D+00
        39         1         1        11
   0.0000000000000000D+00   4.6666666666666634D+00   0.0000000000000000D+00
        40         1         1        11
   0.0000000000000000D+00   7.3333333333333233D+00   0.0000000000000000D+00
        41         1         1        11
   1.0000000000000000D+01   0.0000000000000000D+00   2.5000000000000000D+00
        42         1         1        11
   1.0000000000000000D+01   0.0000000000000000D+00   5.0000000000000000D+00
        43         1         1        11
   1.0000000000000000D+01   0.0000000000000000D+00   7.5000000000000000D+00
        44         1         1        11
   1.0000000000000000D+01   2.5000000000000000D+00   0.0000000000000000D+00
        45         1         1        11
   1.0000000000000000D+01   5.0000000000000000D+00   0.0000000000000000D+00
        46         1         1        11
   1.0000000000000000D+01   7.5000000000000000D+00   0.0000000000000000D+00
        47         1         1        11
   1.0000000000000000D+01   1.0000000000000000D+01   2.5000000000000000D+00
        48         1         1        11
   1.0000000000000000D+01   1.0000000000000000D+01   5.0000000000000000D+00
        49         1         1        11
   1.0000000000000000D+01   1.0000000000000000D+01   7.5000000000000000D+00
        50         1         1        11
   1.0000000000000000D+01   2.5000000000000000D+00   1.0000000000000000D+01
        51         1         1        11
   1.0000000000000000D+01   5.0000000000000000D+00   1.0000000000000000D+01
        52         1         1        11
   1.0000000000000000D+01   7.5000000000000000D+00   1.0000000000000000D+01
        53         1         1        11
   2.5000000000000000D+00   0.0000000000000000D+00   0.0000000000000000D+00
        54         1         1        11
   5.0000000000000000D+00   0.0000000000000000D+00   0.0000000000000000D+00
        55         1         1        11
   7.5000000000000000D+00   0.0000000000000000D+00   0.0000000000000000D+00
        56         1         1        11
   2.5000000000000000D+00   0.0000000000000000D+00   1.0000000000000000D+01
        57         1         1        11
   5.0000000000000000D+00   0.0000000000000000D+00   1.0000000000000000D+01
        58         1         1        11
   7.5000000000000000D+00   0.0000000000000000D+00   1.0000000000000000D+01
        59         1         1        11
   2.5000000000000000D+00   1.0000000000000000D+01   0.0000000000000000D+00
        60         1         1        11
   5.0000000000000000D+00   1.0000000000000000D+01   0.0000000000000000D+00
        61         1         1        11
   7.5000000000000000D+00   1.0000000000000000D+01   0.0000000000000000D+00
        62         1         1        11
   2.5000000000000000D+00   1.0000000000000000D+01   1.0000000000000000D+01
        63         1         1        11
   5.0000000000000000D+00   1.0000000000000000D+01   1.0000000000000000D+01
        64         1         1        11
   7.5000000000000000D+00   1.0000000000000000D+01   1.0000000000000000D+01
        65         1         1        11
  -2.5000000000000000D+00  -4.8985871965889997D-16   2.0000000000000000D+00
        66         1         1        11
  -5.0000000000000009D+00  -4.8985871965889997D-16   1.9999999999999989D+00
        67         1         1        11
  -7.5000000000000009D+00  -4.8985871965889997D-16   1.9999999999999980D+00
        68         1         1        11
  -1.0000000000000000D+01   1.5636629649360569D+00   1.2469796037174681D+00
        69         1         1        11
  -1.0000000000000000D+01   1.9498558243636490D+00  -4.4504186791262401D-01
        70         1         1        11
  -1.0000000000000000D+01   8.6776747823512368D-01  -1.8019377358048370D+00
        71         1         1        11
  -1.0000000000000000D+01  -8.6776747823510803D-01  -1.8019377358048441D+00
        72         1         1        11
  -1.0000000000000000D+01  -1.9498558243636450D+00  -4.4504186791263961D-01
        73         1         1        11
  -1.0000000000000000D+01  -1.5636629649360629D+00   1.2469796037174610D+00
        74         1         1        11
   3.5927571778719312D-16   1.1755705045849409D+00  -1.6180339887498980D+00
        75         1         1        11
   4.2235393684420798D-16  -6.1803398874990045D-01  -1.9021130325903051D+00
        76         1         1        11
   1.3723111286219090D-16  -1.9021130325903091D+00  -6.1803398874988846D-01
        77         1         1        11
  -2.6102908825204791D-16  -1.6180339887498929D+00   1.1755705045849489D+00
        78         1         1        11
   6.4183350801260524D+00   6.7959773194391468D+00   1.8557525473640791D+01
        79         1         1        11
   6.4244727744937338D+00   3.2137676387045260D+00   1.8576615285069540D+01
        80         1         1        11
   8.2073699670030589D+00   6.3285361398808284D+00   1.2641838821323621D+01
        81         1         1        11
   6.4481536346729369D+00   1.8265182641655100D+00   1.2558572824102750D+01
        82         1         1        11
   3.1038398253336381D+00   2.9473056759038321D+00   1.6027726208518668D+01
        83         1         1        11
   3.1655406963483879D+00   7.1008040773020644D+00   1.6054912416947499D+01
        84         1         1        11
   4.4799403833056690D+00   7.2159571664200994D+00   1.8619173834553941D+01
        85         1         1        11
   4.4698549251793152D+00   2.7882406755495270D+00   1.8627958506000930D+01
        86         1         1        11
   3.8068914897123491D+00   8.2995616935979744D+00   1.2456756794157620D+01
        87         1         1        11
   5.1382736735223116D+00   7.6254158478835024D+00   1.6854727101439519D+01
        88         1         1        11
   7.2850831611675799D+00   6.3182072383259129D+00   1.6809780729054989D+01
        89         1         1        11
   6.7288628242822286D+00   7.4348693952757969D+00   1.5068861700097839D+01
        90         1         1        11
   5.2751942783589278D+00   2.3859884506947351D+00   1.6857713031267391D+01
        91         1         1        11
   7.2846769429862537D+00   5.0000000000000098D+00   1.8576615285069611D+01
        92         1         1        11
   2.9310572723211412D+00   2.3013058264314958D+00   1.2997445594218849D+01
        93         1         1        11
   4.3300459018936621D+00   1.9670856755887161D+00   1.4469861725676450D+01
        94         1         1        11
   6.9655414184270361D+00   2.7392370671521329D+00   1.5021346767743641D+01
        95         1         1        11
   7.3681685726979458D+00   3.8434831689401721D+00   1.6822601196331640D+01
        96         1         1        11
   7.9800197941403148D+00   5.0272376379323580D+00   1.5099278656400060D+01
        97         1         1        11
   8.2563565763099103D+00   3.7704383589773598D+00   1.2596207323441901D+01
        98         1         1        11
   6.4112581817904406D+00   8.1815710885616593D+00   1.2597382203217609D+01
        99         1         1        11
   2.5088211710954309D+00   7.0172581667803753D+00   1.3972443675797241D+01
       100         1         1        11
   3.0844945741091991D+00   6.1745044719680404D+00   1.8765430814569100D+01
       101         1         1        11
   3.1295379030627499D+00   3.7522012078151672D+00   1.8757635611384799D+01
       102         1         1        11
   4.6568058282256581D+00   8.0447699483272199D+00   1.4679746838112980D+01
       103         1         1        11
   1.9452961830492110D+00   6.9124815521630119D+00   1.1980010338064560D+01
       104         1         1        11
   4.4160725048675884D+00   1.4747040890483560D+00   1.2133353294940161D+01
       105         1         1        11
   2.3964427968206592D+00   3.2966362465504622D+00   1.4443684412120231D+01
       106         1         1        11
   1.7782917888126759D+00   3.2427362115347900D+00   1.1651035573992640D+01
       107         1         1        11
   3.3976695130013068D+00   6.8907134527269083D+00   1.7608208009042329D+01
       108         1         1        11
   3.3740009535966160D+00   3.1470651977608539D+00   1.7673970347013281D+01
       109         1         1        11
   5.4453057866722414D+00   6.0750632695873561D+00   1.0000000000000000D+01
       110         1         1        11
   4.3981018086150367D+00   3.5468892231905729D+00   1.0000000000000000D+01
       111         1         1        11
   3.1956805096054808D+00   5.7281580770410550D+00   1.0000000000000000D+01
       112         1         1        11
   6.7907320611365103D+00   4.2390389669664774D+00   1.0000000000000000D+01
       113         1         1        11
   5.0000000000000009D+00   5.0000000000000018D+00   2.0000000000000000D+01
       114         1         1        11
   0.0000000000000000D+00   2.5714791969332480D+00   6.0613766303045180D+00
       115         1         1        11
   0.0000000000000000D+00   5.9999999999999929D+00   2.3094010767584972D+00
       116         1         1        11
   0.0000000000000000D+00   6.4178260872131094D+00   7.6001932003468751D+00
       117         1         1        11
   0.0000000000000000D+00   3.6903152772647370D+00   2.4055302536650478D+00
       118         1         1        11
   0.0000000000000000D+00   4.6661181297614434D+00   4.2529901823844920D+00
       119         1         1        11
   0.0000000000000000D+00   7.3006973882763830D+00   4.5156506493385384D+00
       120         1         1        11
   0.0000000000000000D+00   1.3624737112748491D+00   2.8378907672484628D+00
       121         1         1        11
   0.0000000000000000D+00   3.8691472967358611D+00   8.0161139983734255D+00
       122         1         1        11
   0.0000000000000000D+00   2.4580772630468561D+00   4.0448909000538356D+00
       123         1         1        11
   0.0000000000000000D+00   8.3757228776888262D+00   6.4712284151172152D+00
       124         1         1        11
   0.0000000000000000D+00   4.9650536197840083D+00   6.0892649321495700D+00
       125         1         1        11
   0.0000000000000000D+00   8.0222687570996865D+00   1.9373577702047760D+00
       126         1         1        11
   0.0000000000000000D+00   2.6267338435158680D+00   1.3315269166573200D+00
       127         1         1        11
   0.0000000000000000D+00   8.1827550561350968D+00   8.1827550561350968D+00
       128         1         1        11
   0.0000000000000000D+00   1.7888332620186100D+00   8.2472180501660368D+00
       129         1         1        11
   1.0000000000000000D+01   2.1650635094610959D+00   3.7500000000000000D+00
       130         1         1        11
   1.0000000000000000D+01   7.9538818726871376D+00   3.6403589581156979D+00
       131         1         1        11
   1.0000000000000000D+01   6.2394065767978084D+00   7.8830698873604188D+00
       132         1         1        11
   1.0000000000000000D+01   3.7599499937074019D+00   7.8859934415891324D+00
       133         1         1        11
   1.0000000000000000D+01   4.9999999999999982D+00   5.6698729810778081D+00
       134         1         1        11
   1.0000000000000000D+01   2.1258567536817812D+00   6.3292899006241239D+00
       135         1         1        11
   1.0000000000000000D+01   4.7965574593090139D+00   2.9172732236025962D+00
       136         1         1        11
   1.0000000000000000D+01   7.6342408606781174D+00   6.0099520943124078D+00
       137         1         1        11
   1.0000000000000000D+01   3.1031382650749322D+00   1.7684891907523470D+00
       138         1         1        11
   1.0000000000000000D+01   6.2500000000000000D+00   1.5529019028683910D+00
       139         1         1        11
   1.0000000000000000D+01   1.8301270189221930D+00   8.1698729810778072D+00
       140         1         1        11
   1.0000000000000000D+01   8.1698729810778072D+00   8.1698729810778072D+00
       141         1         1        11
   1.0000000000000000D+01   8.2190221946935367D+00   1.7495920667429079D+00
       142         1         1        11
   1.0000000000000000D+01   6.1677824091807114D+00   4.1159585039546380D+00
       143         1         1        11
   1.0000000000000000D+01   1.4592650642138620D+00   1.4848045964808341D+00
       144         1         1        11
   2.3081466837043272D+00   0.0000000000000000D+00   5.9570937242922168D+00
       145         1         1        11
   8.0229708441574790D+00   0.0000000000000000D+00   3.5921735461557809D+00
       146         1         1        11
   6.2442073419616086D+00   0.0000000000000000D+00   7.8861202743277712D+00
       147         1         1        11
   3.8201950854671769D+00   0.0000000000000000D+00   2.1686902628072589D+00
       148         1         1        11
   3.8307682818044149D+00   0.0000000000000000D+00   7.8815680797806671D+00
       149         1         1        11
   4.9788309624144862D+00   0.0000000000000000D+00   6.0050939642202703D+00
       150         1         1        11
   7.8021503792827724D+00   0.0000000000000000D+00   6.0890172949841466D+00
       151         1         1        11
   6.4079782265733103D+00   0.0000000000000000D+00   1.9320362082351159D+00
       152         1         1        11
   1.8544350044389470D+00   0.0000000000000000D+00   3.3664018244581779D+00
       153         1         1        11
   3.7792876369524682D+00   0.0000000000000000D+00   4.2997012394606786D+00
       154         1         1        11
   8.1698729810778072D+00   0.0000000000000000D+00   8.1698729810778072D+00
       155         1         1        11
   8.1698729810778072D+00   0.0000000000000000D+00   1.8301270189221930D+00
       156         1         1        11
   1.7277829931017490D+00   0.0000000000000000D+00   8.2343990274812402D+00
       157         1         1        11
   5.9348304487374017D+00   0.0000000000000000D+00   4.0012264215254651D+00
       158         1         1        11
   1.6903620195806210D+00   0.0000000000000000D+00   1.5571843276246089D+00
       159         1         1        11
   2.2570477432740712D+00   1.0000000000000000D+01   3.8290826211148450D+00
       160         1         1        11
   7.8907592389620547D+00   1.0000000000000000D+01   3.8466878364870309D+00
       161         1         1        11
   3.5919017341679700D+00   1.0000000000000000D+01   8.0232344080416720D+00
       162         1         1        11
   7.8864604818953543D+00   1.0000000000000000D+01   6.2452792588001804D+00
       163         1         1        11
   5.9524115354541509D+00   1.0000000000000000D+01   5.0306826377751817D+00
       164         1         1        11
   6.0576314258395358D+00   1.0000000000000000D+01   2.3045971351255599D+00
       165         1         1        11
   1.9464453409938041D+00   1.0000000000000000D+01   6.4097669737128129D+00
       166         1         1        11
   6.0697086083692442D+00   1.0000000000000000D+01   7.7647156473160841D+00
       167         1         1        11
   3.6879366259995598D+00   1.0000000000000000D+01   1.8150450689642270D+00
       168         1         1        11
   4.3193393329901983D+00   1.0000000000000000D+01   3.7736884707174818D+00
       169         1         1        11
   8.1698729810778072D+00   1.0000000000000000D+01   1.8301270189221930D+00
       170         1         1        11
   8.1698729810778072D+00   1.0000000000000000D+01   8.1698729810778072D+00
       171         1         1        11
   1.8301270189221930D+00   1.0000000000000000D+01   8.1698729810778072D+00
       172         1         1        11
   1.8150793272584860D+00   1.0000000000000000D+01   1.8150793272584860D+00
       173         1         1        11
   3.9995955495985922D+00   1.0000000000000000D+01   5.9364118320425554D+00
       174         1         1        11
   2.3081466837043281D+00   5.9570937242922160D+00   0.0000000000000000D+00
       175         1         1        11
   8.0229708441574807D+00   3.5921735461557809D+00   0.0000000000000000D+00
       176         1         1        11
   6.2442073419616104D+00   7.8861202743277712D+00   0.0000000000000000D+00
       177         1         1        11
   3.8201950854671760D+00   2.1686902628072580D+00   0.0000000000000000D+00
       178         1         1        11
   3.8307682818044171D+00   7.8815680797806662D+00   0.0000000000000000D+00
       179         1         1        11
   4.9788309624144862D+00   6.0050939642202694D+00   0.0000000000000000D+00
       180         1         1        11
   7.8021503792827724D+00   6.0890172949841466D+00   0.0000000000000000D+00
       181         1         1        11
   6.4079782265733103D+00   1.9320362082351159D+00   0.0000000000000000D+00
       182         1         1        11
   1.8544350044389470D+00   3.3664018244581779D+00   0.0000000000000000D+00
       183         1         1        11
   3.7792876369524682D+00   4.2997012394606768D+00   0.0000000000000000D+00
       184         1         1        11
   8.1698729810778072D+00   8.1698729810778072D+00   0.0000000000000000D+00
       185         1         1        11
   8.1698729810778072D+00   1.8301270189221930D+00   0.0000000000000000D+00
       186         1         1        11
   1.7277829931017490D+00   8.2343990274812402D+00   0.0000000000000000D+00
       187         1         1        11
   5.9348304487374026D+00   4.0012264215254616D+00   0.0000000000000000D+00
       188         1         1        11
   1.6903620195806199D+00   1.5571843276246089D+00   0.0000000000000000D+00
       189         1         1        11
  -8.6562860039331504D+00   5.4859551212385803D-02  -1.9992474658332779D+00
       190         1         1        11
  -1.5591650885432859D+00  -1.4496212212702499D+00  -1.3778963367550370D+00
       191         1         1        11
  -3.8667011675648251D+00   1.8162358885890970D+00   8.3742892056637974D-01
       192         1         1        11
  -1.2902536179856541D+00   1.7401498793286130D+00  -9.8583893079580476D-01
       193         1         1        11
  -6.2500000000000009D+00  -1.8204969058937071D+00   8.2812500000388634D-01
       194         1         1        11
  -8.4802206029886964D+00   1.9785973305473370D+00   2.9180919031269242D-01
       195         1         1        11
  -6.4444090593246850D+00   1.7218502250765231D+00   1.0174634157570110D+00
       196         1         1        11
  -5.0648173280442936D+00   1.7237281563982050D+00  -1.0142786810537070D+00
       197         1         1        11
  -8.5139908953557786D+00  -1.9862155242716399D+00   2.3440966520673151D-01
       198         1         1        11
  -3.8532620752536650D+00  -1.7903475871988550D+00   8.9143452760774122D-01
       199         1         1        11
  -7.1208999697603312D+00  -1.8359359649435589D+00  -7.9330897677182866D-01
       200         1         1        11
  -6.9862655336930652D+00   1.7813119742378229D+00  -9.0935562374516210D-01
       201         1         1        11
  -5.9517746022445799D+00   4.1699670081120471D-01  -1.9560454369754749D+00
       202         1         1        11
  -4.1017542026285954D+00   1.4217887693314341D-01  -1.9949398905616260D+00
       203         1         1        11
  -5.0598164346892034D+00  -1.6703505459457759D+00  -1.0999677511903030D+00
       204         1         1        11
  -3.0765401302884610D+00  -1.1329996847433130D+00  -1.6481236951065150D+00
       205         1         1        11
  -8.5972397824084208D+00   1.4932092065339480D+00  -1.3305360820068961D+00
       206         1         1        11
  -1.8296324615078079D+00   1.9456731317666081D+00   4.6298603037404940D-01
       207         1         1        11
  -3.0797329387019148D+00   1.7000105235678979D+00  -1.0535483945972310D+00
       208         1         1        11
  -1.5213167676311039D+00  -1.9755096748701499D+00   3.1202808286184047D-01
       209         1         1        11
  -1.8102473921704021D+00   2.9077680592105931D-01  -1.9787493143747010D+00
       210         1         1        11
  -8.5965488021720269D+00  -1.4437183284963300D+00  -1.3840799788898650D+00
       211         1         1        11
  -8.6347646700414185D+00   1.1402809927660511D+00   1.6430944152836930D+00
       212         1         1        11
  -8.5628528751663691D+00  -1.2737220315839439D+00   1.5419572582460459D+00
       213         1         1        11
  -1.4551117102652229D+00  -1.2683636130915110D+00   1.5463679203169749D+00
       214         1         1        11
  -7.4330714498153583D+00   7.3043282703240320D-01  -1.8618452903486520D+00
       215         1         1        11
  -7.1935247292107674D+00  -6.6408444607523176D-01  -1.8865290478762731D+00
       216         1         1        11
  -2.9315916981567200D+00  -1.9638708971414121D+00  -3.7843242377072711D-01
       217         1         1        11
  -1.0000000000000000D+01   1.8080774972466830D-15  -2.3473286806357951D-15
       218         1         1        11
   5.1425967648798263D+00   5.0170773147657037D+00   1.3241283337905999D+01
       219         1         1        11
   5.0308333380167856D+00   5.0060849772239466D+00   1.7504229083992431D+01
       220         1         1        11
   4.9063737337365643D+00   4.7814938794281883D+00   4.7814938794281874D+00
       221         1         1        11
   3.2675185428736011D+00   7.0876829164719828D+00   3.0316676509175471D+00
       222         1         1        11
   6.9285714407184811D+00   6.9358633982969806D+00   6.9457958794432244D+00
       223         1         1        11
   6.8909893519347669D+00   6.8742736625604186D+00   3.1097968864365551D+00
       224         1         1        11
   7.1382389896445426D+00   2.8372401285418771D+00   2.8372401285418771D+00
       225         1         1        11
   3.1289810803766209D+00   6.9858896133683954D+00   6.8495595249083134D+00
       226         1         1        11
   6.8692667682715376D+00   3.0906458756250261D+00   6.8541394400978586D+00
       227         1         1        11
   3.1270331189586922D+00   3.0215979176550691D+00   6.8737777321752613D+00
       228         1         1        11
   2.9723076217679432D+00   2.9336729428262061D+00   3.1195851391613130D+00
       229         1         1        11
  -8.0173740333800829D+00  -2.5015736327625770D-02  -1.2008205460865540D-01
    -1
    -1
  2412
         1       111         1         0         7         4
        83       218        87       219
         2       111         1         0         7         4
        82        90       218       219
         3       111         1         0         7         4
        82       218        22       219
         4       111         1         0         7         4
        22       218        83       219
         5       111         1         0         7         4
        94       218        90       219
         6       111         1         0         7         4
        89        87       218       219
         7       111         1         0         7         4
       102        87        83       218
         8       111         1         0         7         4
        94        95        96       219
         9       111         1         0         7         4
        88        89        96       219
        10       111         1         0         7         4
        90        93        82       218
        11       111         1         0         7         4
        94        96       218       219
        12       111         1         0         7         4
        89       218        96       219
        13       111         1         0         7         4
        89        87       102       218
        14       111         1         0         7         4
        90        94        93       218
        15       111         1         0         7         4
        22        21        82       219
        16       111         1         0         7         4
        22        83        21       219
        17       111         1         0         7         4
        95        94        90       219
        18       111         1         0         7         4
        96        95        88       219
        19       111         1         0         7         4
       113       101       100       219
        20       111         1         0         7         4
        89        88        87       219
        21       111         1         0         7         4
       105        22        82       218
        22       111         1         0         7         4
        22        99        83       218
        23       111         1         0         7         4
       100        84       113       219
        24       111         1         0         7         4
        85       101       113       219
        25       111         1         0         7         4
        92       110       106       218
        26       111         1         0         7         4
        83        99       102       218
        27       111         1         0         7         4
       113       101         2       100
        28       111         1         0         7         4
        24       113       100        84
        29       111         1         0         7         4
        85       113        79       219
        30       111         1         0         7         4
       105        82        93       218
        31       111         1         0         7         4
        85        28        79       113
        32       111         1         0         7         4
        23        99        22       218
        33       111         1         0         7         4
       110       111       106       218
        34       111         1         0         7         4
       113        84        78       219
        35       111         1         0         7         4
       106       111        23       218
        36       111         1         0         7         4
        25        78       113        84
        37       111         1         0         7         4
        85       101        29       113
        38       111         1         0         7         4
        92       106        23       218
        39       111         1         0         7         4
       103        99        23       218
        40       111         1         0         7         4
       105        23        22       218
        41       111         1         0         7         4
       110       104        81       218
        42       111         1         0         7         4
        86       109        98       218
        43       111         1         0         7         4
        79       113        91       219
        44       111         1         0         7         4
        91        79        27       113
        45       111         1         0         7         4
        26        78        91       113
        46       111         1         0         7         4
        78        91       113       219
        47       111         1         0         7         4
        83       107        21       219
        48       111         1         0         7         4
       109        80        98       218
        49       111         1         0         7         4
       103        86        99       218
        50       111         1         0         7         4
       110        92       104       218
        51       111         1         0         7         4
        23       105        92       218
        52       111         1         0         7         4
       108        82        21       219
        53       111         1         0         7         4
       112       110        81       218
        54       111         1         0         7         4
        83        87       107       219
        55       111         1         0         7         4
       108        90        82       219
        56       111         1         0         7         4
       111       109        86       218
        57       111         1         0         7         4
        21       100       101       219
        58       111         1         0         7         4
       103       111        86       218
        59       111         1         0         7         4
       103        23       111       218
        60       111         1         0         7         4
        86       102        99       218
        61       111         1         0         7         4
       107        84       100       219
        62       111         1         0         7         4
       109       112        80       218
        63       111         1         0         7         4
       113        24        25        84
        64       111         1         0         7         4
        28        85        29       113
        65       111         1         0         7         4
        86        98       102       218
        66       111         1         0         7         4
        93        94        81       218
        67       111         1         0         7         4
        94        96        97       218
        68       111         1         0         7         4
        96        89        80       218
        69       111         1         0         7         4
        91        27        26       113
        70       111         1         0         7         4
        79        28        27       113
        71       111         1         0         7         4
        78        26        25       113
        72       111         1         0         7         4
        81        97       112       218
        73       111         1         0         7         4
        85       108       101       219
        74       111         1         0         7         4
        97        80       112       218
        75       111         1         0         7         4
        93        81       104       218
        76       111         1         0         7         4
        81        94        97       218
        77       111         1         0         7         4
       111       110       109       218
        78       111         1         0         7         4
        96        80        97       218
        79       111         1         0         7         4
        78        84        87       219
        80       111         1         0         7         4
        98        89       102       218
        81       111         1         0         7         4
        85        79        90       219
        82       111         1         0         7         4
       107        87        84       219
        83       111         1         0         7         4
        98        80        89       218
        84       111         1         0         7         4
        91        88        95       219
        85       111         1         0         7         4
        78        87        88       219
        86       111         1         0         7         4
        93       104        92       218
        87       111         1         0         7         4
       112       109       110       218
        88       111         1         0         7         4
        79        95        90       219
        89       111         1         0         7         4
       108        85        90       219
        90       111         1         0         7         4
       100        21       107       219
        91       111         1         0         7         4
        93        92       105       218
        92       111         1         0         7         4
        79        91        95       219
        93       111         1         0         7         4
        91        78        88       219
        94       111         1         0         7         4
        21       101       108       219
        95       111         1         0         7         4
        16        98       109        80
        96       111         1         0         7         4
       113         2        24       100
        97       111         1         0         7         4
       101         2        29       113
        98       111         1         0         7         4
        15        98        86       109
        99       111         1         0         7         4
       109       112        16        80
       100       111         1         0         7         4
        19       110        81       112
       101       111         1         0         7         4
       112        17        16        80
       102       111         1         0         7         4
       111        15        86       109
       103       111         1         0         7         4
       110       104        19        81
       104       111         1         0         7         4
        81        18        19       112
       105       111         1         0         7         4
        14        15        86       111
       106       111         1         0         7         4
        21         2       101       100
       107       111         1         0         7         4
       112        97        17        80
       108       111         1         0         7         4
       111        86        14       103
       109       111         1         0         7         4
       110        20       106       111
       110       111         1         0         7         4
        97        18        81       112
       111       111         1         0         7         4
        15        16        98       109
       112       111         1         0         7         4
        20         1       106       111
       113       111         1         0         7         4
       105       106        23        92
       114       111         1         0         7         4
         1        23       106       111
       115       111         1         0         7         4
        97        17        18       112
       116       111         1         0         7         4
        19        20       104       110
       117       111         1         0         7         4
         1        23       111       103
       118       111         1         0         7         4
       111        14         1       103
       119       111         1         0         7         4
        20        92       110       106
       120       111         1         0         7         4
        20       110        92       104
       121       111         2         0         7         4
       168       163       173       221
       122       111         2         0         7         4
       163       222       220       223
       123       111         2         0         7         4
       220       221       163       223
       124       111         2         0         7         4
       149       157       153       220
       125       111         2         0         7         4
       179       183       187       220
       126       111         2         0         7         4
       153       220       157       228
       127       111         2         0         7         4
       187       220       183       228
       128       111         2         0         7         4
       183       220       179       221
       129       111         2         0         7         4
       220       222       109       226
       130       111         2         0         7         4
       163       220       222       225
       131       111         2         0         7         4
       163       221       220       225
       132       111         2         0         7         4
       163       221       168       223
       133       111         2         0         7         4
       109       222       220       225
       134       111         2         0         7         4
       220       221       183       228
       135       111         2         0         7         4
       142       223       135       224
       136       111         2         0         7         4
       109       226       110       227
       137       111         2         0         7         4
       109       220       226       227
       138       111         2         0         7         4
       149       220       153       227
       139       111         2         0         7         4
       163       173       221       225
       140       111         2         0         7         4
       160       136       162       222
       141       111         2         0         7         4
       109       225       220       227
       142       111         2         0         7         4
       153       227       220       228
       143       111         2         0         7         4
       179       220       187       223
       144       111         2         0         7         4
       174       183       221       228
       145       111         2         0         7         4
       220       221       118       225
       146       111         2         0         7         4
       174       221       115       228
       147       111         2         0         7         4
       124       220       118       225
       148       111         2         0         7         4
       174       115       117       228
       149       111         2         0         7         4
       136       222       160       223
       150       111         2         0         7         4
       118       221       220       228
       151       111         2         0         7         4
       160       162       163       222
       152       111         2         0         7         4
       131       132        17       222
       153       111         2         0         7         4
       133       223       142       224
       154       111         2         0         7         4
       118       220       124       227
       155       111         2         0         7         4
       133       220       223       224
       156       111         2         0         7         4
       178       176       164       221
       157       111         2         0         7         4
       220       222       133       223
       158       111         2         0         7         4
       149       157       220       226
       159       111         2         0         7         4
       187       223       220       224
       160       111         2         0         7         4
       117       182       174       228
       161       111         2         0         7         4
       147       151       181       224
       162       111         2         0         7         4
       136       160       130       223
       163       111         2         0         7         4
       187       224       220       228
       164       111         2         0         7         4
       179       221       220       223
       165       111         2         0         7         4
       183       174       182       228
       166       111         2         0         7         4
       133       142       135       224
       167       111         2         0         7         4
       220       227       118       228
       168       111         2         0         7         4
       220       224       157       228
       169       111         2         0         7         4
       115       221       118       228
       170       111         2         0         7         4
       164       221       176       223
       171       111         2         0         7         4
       163       160       222       223
       172       111         2         0         7         4
       163       222       173       225
       173       111         2         0         7         4
       177       187       183       228
       174       111         2         0         7         4
       164       167       178       221
       175       111         2         0         7         4
       181       177       147       224
       176       111         2         0         7         4
       157       224       220       226
       177       111         2         0         7         4
       133       220       224       226
       178       111         2         0         7         4
       133       222       220       226
       179       111         2         0         7         4
       177       147       224       228
       180       111         2         0         7         4
       149       148       146       226
       181       111         2         0         7         4
       220       225       124       227
       182       111         2         0         7         4
        17       222       132       226
       183       111         2         0         7         4
       142       133       222       223
       184       111         2         0         7         4
       115       118       117       228
       185       111         2         0         7         4
       178       179       176       221
       186       111         2         0         7         4
       114       122       118       228
       187       111         2         0         7         4
       136       142       222       223
       188       111         2         0         7         4
       177       224       187       228
       189       111         2         0         7         4
       110       111       109       227
       190       111         2         0         7         4
       119       118       221       225
       191       111         2         0         7         4
       135       180       175       224
       192       111         2         0         7         4
       144       152       122       228
       193       111         2         0         7         4
       133       132       131       222
       194       111         2         0         7         4
       153       157       147       228
       195       111         2         0         7         4
       179       176       221       223
       196       111         2         0         7         4
       164       168       221       223
       197       111         2         0         7         4
       135       223       180       224
       198       111         2         0         7         4
       149       226       220       227
       199       111         2         0         7         4
       121       225         1       227
       200       111         2         0         7         4
       157       224       147       228
       201       111         2         0         7         4
       180       223       187       224
       202       111         2         0         7         4
       119       124       118       225
       203       111         2         0         7         4
       121       124       225       227
       204       111         2         0         7         4
       181       187       177       224
       205       111         2         0         7         4
       157       151       147       224
       206       111         2         0         7         4
       168       173       159       221
       207       111         2         0         7         4
       150       145       157       224
       208       111         2         0         7         4
       180       187       175       224
       209       111         2         0         7         4
       136       130       142       223
       210       111         2         0         7         4
        19       146       148       226
       211       111         2         0         7         4
       144       153       152       228
       212       111         2         0         7         4
       144       227       153       228
       213       111         2         0         7         4
       164       168       167       221
       214       111         2         0         7         4
       111       225       109       227
       215       111         2         0         7         4
       116       121       124       225
       216       111         2         0         7         4
         1       121       116       225
       217       111         2         0         7         4
       150       129       145       224
       218       111         2         0         7         4
       173       222       166       225
       219       111         2         0         7         4
       150       224       157       226
       220       111         2         0         7         4
       114       118       227       228
       221       111         2         0         7         4
       166       173       163       222
       222       111         2         0         7         4
       174       183       179       221
       223       111         2         0         7         4
       148       226       149       227
       224       111         2         0         7         4
       133       132       222       226
       225       111         2         0         7         4
       159       221       173       225
       226       111         2         0         7         4
       164       163       168       223
       227       111         2         0         7         4
       138       180       135       223
       228       111         2         0         7         4
       109       112       110       226
       229       111         2         0         7         4
       159       165       119       225
       230       111         2         0         7         4
       159       173       165       225
       231       111         2         0         7         4
       173       166       161       225
       232       111         2         0         7         4
       188       158       177       228
       233       111         2         0         7         4
        39       174       117       182
       234       111         2         0         7         4
       119       165       123       225
       235       111         2         0         7         4
       147        54       181       151
       236       111         2         0         7         4
       129       224       150       226
       237       111         2         0         7         4
       159       119       221       225
       238       111         2         0         7         4
       117       115       174        39
       239       111         2         0         7         4
       180       179       187       223
       240       111         2         0         7         4
       129       150       134       226
       241       111         2         0         7         4
        60       176       164       178
       242       111         2         0         7         4
       167        60       164       178
       243       111         2         0         7         4
       176       184       169       223
       244       111         2         0         7         4
       114       118       124       227
       245       111         2         0         7         4
       112       109       222       226
       246       111         2         0         7         4
        19       226       148       227
       247       111         2         0         7         4
        54       181       177       147
       248       111         2         0         7         4
       144       128       156       227
       249       111         2         0         7         4
       160       162       136        48
       250       111         2         0         7         4
       125       174       186       221
       251       111         2         0         7         4
       141       169       184       223
       252       111         2         0         7         4
       166       222        15       225
       253       111         2         0         7         4
       164       176       169       223
       254       111         2         0         7         4
       180       138       135       175
       255       111         2         0         7         4
       162       140       170       222
       256       111         2         0         7         4
       161       166        15       225
       257       111         2         0         7         4
        30       158       188       228
       258       111         2         0         7         4
       133       224       129       226
       259       111         2         0         7         4
       167       186       178       221
       260       111         2         0         7         4
       141       184       138       223
       261       111         2         0         7         4
       141       130       169       223
       262       111         2         0         7         4
        17       112       222       226
       263       111         2         0         7         4
       149       150       157       226
       264       111         2         0         7         4
       125       115       174       221
       265       111         2         0         7         4
       160       169       130       223
       266       111         2         0         7         4
       167       172       186       221
       267       111         2         0         7         4
        15       222       109       225
       268       111         2         0         7         4
       144       149       153       227
       269       111         2         0         7         4
       188       182       126       228
       270       111         2         0         7         4
       162       136       140       222
       271       111         2         0         7         4
       110       226        19       227
       272       111         2         0         7         4
       158       147       177       228
       273       111         2         0         7         4
       111         1       225       227
       274       111         2         0         7         4
       160       136       130        48
       275       111         2         0         7         4
       137       135       175       224
       276       111         2         0         7         4
        30       188       126       228
       277       111         2         0         7         4
       133       129       134       226
       278       111         2         0         7         4
       120       158        30       228
       279       111         2         0         7         4
       120       152       158       228
       280       111         2         0         7         4
       136       142       133       222
       281       111         2         0         7         4
       186       172       125       221
       282       111         2         0         7         4
       171       127       123       225
       283       111         2         0         7         4
       118       115       119       221
       284       111         2         0         7         4
       152       122        31       144
       285       111         2         0         7         4
       171       123       165       225
       286       111         2         0         7         4
       165       119       123        37
       287       111         2         0         7         4
       128        32       144       156
       288       111         2         0         7         4
       144       114       128       227
       289       111         2         0         7         4
       125       172       159       221
       290       111         2         0         7         4
       184       180       138       223
       291       111         2         0         7         4
       163       164       160       223
       292       111         2         0         7         4
       138       180        45       175
       293       111         2         0         7         4
        45       135       138       175
       294       111         2         0         7         4
       166       163       162       222
       295       111         2         0         7         4
       129       133       135       224
       296       111         2         0         7         4
       158       177        53       188
       297       111         2         0         7         4
       176       179       180       223
       298       111         2         0         7         4
       126       120        30       228
       299       111         2         0         7         4
       178       186       174       221
       300       111         2         0         7         4
       134       154       139       226
       301       111         2         0         7         4
       159       119       125       221
       302       111         2         0         7         4
       138       130       141       223
       303       111         2         0         7         4
       114        31       122       144
       304       111         2         0         7         4
        37       165       119       159
       305       111         2         0         7         4
       129        42       150       145
       306       111         2         0         7         4
       114       128        32       144
       307       111         2         0         7         4
       182       117       126       228
       308       111         2         0         7         4
       188       177       182       228
       309       111         2         0         7         4
       178       174       179       221
       310       111         2         0         7         4
       154       146        18       226
       311       111         2         0         7         4
       139       154        18       226
       312       111         2         0         7         4
       120       122       152       228
       313       111         2         0         7         4
       117       120       126       228
       314       111         2         0         7         4
       138       142       130       223
       315       111         2         0         7         4
       164       169       160       223
       316       111         2         0         7         4
        18       132       139       226
       317       111         2         0         7         4
        40       186       125       174
       318       111         2         0         7         4
       182       177       183       228
       319       111         2         0         7         4
        45       135       175       137
       320       111         2         0         7         4
        16       131        17       222
       321       111         2         0         7         4
       154       134       150       226
       322       111         2         0         7         4
       171        14       127       225
       323       111         2         0         7         4
       138       135       142       223
       324       111         2         0         7         4
        18       146        19       226
       325       111         2         0         7         4
       146       150       149       226
       326       111         2         0         7         4
       176       180       184       223
       327       111         2         0         7         4
        20       121         1       227
       328       111         2         0         7         4
       185       155       143       224
       329       111         2         0         7         4
       115        40       125       174
       330       111         2         0         7         4
       166       162       170       222
       331       111         2         0         7         4
       156       148       144       227
       332       111         2         0         7         4
       152       147       158       228
       333       111         2         0         7         4
       171       161        14       225
       334       111         2         0         7         4
        14       161        15       225
       335       111         2         0         7         4
       177       158        53       147
       336       111         2         0         7         4
       119       123       116       225
       337       111         2         0         7         4
       122       117       118       228
       338       111         2         0         7         4
       134       129        42       150
       339       111         2         0         7         4
       140       136       131       222
       340       111         2         0         7         4
       120       117       122       228
       341       111         2         0         7         4
       133       131       136       222
       342       111         2         0         7         4
       148       149       144       227
       343       111         2         0         7         4
       185       143       137       224
       344       111         2         0         7         4
       167       168       159       221
       345       111         2         0         7         4
       154       150       146       226
       346       111         2         0         7         4
       151       155       185       224
       347       111         2         0         7         4
       185       181       151       224
       348       111         2         0         7         4
       167       159       172       221
       349       111         2         0         7         4
       121       128       114       227
       350       111         2         0         7         4
       119       115       125       221
       351       111         2         0         7         4
       121       114       124       227
       352       111         2         0         7         4
        20       156       128       227
       353       111         2         0         7         4
       164       169       176        61
       354       111         2         0         7         4
       184       176       169        61
       355       111         2         0         7         4
        19       110       112       226
       356       111         2         0         7         4
       147       152       153       228
       357       111         2         0         7         4
       170       140        16       222
       358       111         2         0         7         4
       186        59       167       178
       359       111         2         0         7         4
       140       131        16       222
       360       111         2         0         7         4
       134       132       133       226
       361       111         2         0         7         4
       111       110        20       227
       362       111         2         0         7         4
       156        20       148       227
       363       111         2         0         7         4
       121        20       128       227
       364       111         2         0         7         4
       162        49       140       136
       365       111         2         0         7         4
       170       162        49       140
       366       111         2         0         7         4
       116       124       119       225
       367       111         2         0         7         4
       165       161       171       225
       368       111         2         0         7         4
        16       166       170       222
       369       111         2         0         7         4
       139       132       134       226
       370       111         2         0         7         4
       175       185       137       224
       371       111         2         0         7         4
        16       112       109       222
       372       111         2         0         7         4
       129       143       155       224
       373       111         2         0         7         4
       112        16        17       222
       374       111         2         0         7         4
        14       116       127       225
       375       111         2         0         7         4
       167       172        59       186
       376       111         2         0         7         4
       127       116       123       225
       377       111         2         0         7         4
        47       130       160       169
       378       111         2         0         7         4
       109       111        15       225
       379       111         2         0         7         4
        20         1       111       227
       380       111         2         0         7         4
       169        47       130       141
       381       111         2         0         7         4
        18        19       112       226
       382       111         2         0         7         4
       129       155       145       224
       383       111         2         0         7         4
        19       148        20       227
       384       111         2         0         7         4
        15       166        16       222
       385       111         2         0         7         4
        14        15       111       225
       386       111         2         0         7         4
       173       161       165       225
       387       111         2         0         7         4
       174       115        40        39
       388       111         2         0         7         4
        15        16       109       222
       389       111         2         0         7         4
       110        19        20       227
       390       111         2         0         7         4
       154       134       139        43
       391       111         2         0         7         4
       146        18        58       154
       392       111         2         0         7         4
       114        32        31       144
       393       111         2         0         7         4
        50        18        17       132
       394       111         2         0         7         4
        18        50       139       132
       395       111         2         0         7         4
        61       176       164        60
       396       111         2         0         7         4
       155       151       185        55
       397       111         2         0         7         4
       145       151       157       224
       398       111         2         0         7         4
       175       187       181       224
       399       111         2         0         7         4
       181       185       151        55
       400       111         2         0         7         4
        43       154       134       150
       401       111         2         0         7         4
       125        36       119       159
       402       111         2         0         7         4
       162        49       136        48
       403       111         2         0         7         4
       125        36       159       172
       404       111         2         0         7         4
       122        31       120       152
       405       111         2         0         7         4
       175       181       185       224
       406       111         2         0         7         4
       145       155       151       224
       407       111         2         0         7         4
        35        14         1       116
       408       111         2         0         7         4
       129       137       143       224
       409       111         2         0         7         4
        37       119        36       159
       410       111         2         0         7         4
       123        38       127       171
       411       111         2         0         7         4
       116        35        14       127
       412       111         2         0         7         4
        39       117       126       182
       413       111         2         0         7         4
        20        56       156       148
       414       111         2         0         7         4
       141       184        46       138
       415       111         2         0         7         4
       141       169        11       184
       416       111         2         0         7         4
       166        64        16       170
       417       111         2         0         7         4
       171       123        38       165
       418       111         2         0         7         4
       130       160        48        47
       419       111         2         0         7         4
       177        53        54       147
       420       111         2         0         7         4
       137       129       135       224
       421       111         2         0         7         4
       171        62        14       161
       422       111         2         0         7         4
       172       125         8       186
       423       111         2         0         7         4
         7        14       127       171
       424       111         2         0         7         4
       139        10        18       154
       425       111         2         0         7         4
        60       167        59       178
       426       111         2         0         7         4
        19        18        58       146
       427       111         2         0         7         4
        33        20       128       121
       428       111         2         0         7         4
        17        16        52       131
       429       111         2         0         7         4
       143       185         9       155
       430       111         2         0         7         4
        16        52       131       140
       431       111         2         0         7         4
        42        43       134       150
       432       111         2         0         7         4
       138       184        46       180
       433       111         2         0         7         4
         1        20        33       121
       434       111         2         0         7         4
        62        15        14       161
       435       111         2         0         7         4
       151        54       181        55
       436       111         2         0         7         4
       155       185         9        55
       437       111         2         0         7         4
        14         7        62       171
       438       111         2         0         7         4
        58        18        10       154
       439       111         2         0         7         4
        50        10        18       139
       440       111         2         0         7         4
         7        14        35       127
       441       111         2         0         7         4
       169        11        47       141
       442       111         2         0         7         4
        44       175       185       137
       443       111         2         0         7         4
        56        20        19       148
       444       111         2         0         7         4
       145       129        42        41
       445       111         2         0         7         4
        64        16        15       166
       446       111         2         0         7         4
        11       141       184        46
       447       111         2         0         7         4
       128        20         6       156
       448       111         2         0         7         4
       143        44       185       137
       449       111         2         0         7         4
       184       169        11        61
       450       111         2         0         7         4
       186       125         8        40
       451       111         2         0         7         4
       170        12        16       140
       452       111         2         0         7         4
       175        44        45       137
       453       111         2         0         7         4
        59       172         8       186
       454       111         2         0         7         4
       131        51        17       132
       455       111         2         0         7         4
       165       123        38        37
       456       111         2         0         7         4
        17        52        51       131
       457       111         2         0         7         4
        51        50        17       132
       458       111         2         0         7         4
       185         9        44       143
       459       111         2         0         7         4
       158         3       188        53
       460       111         2         0         7         4
       127        38         7       171
       461       111         2         0         7         4
        41       143         9       155
       462       111         2         0         7         4
       139        10       154        43
       463       111         2         0         7         4
        52        16        12       140
       464       111         2         0         7         4
        12        16        64       170
       465       111         2         0         7         4
        35         1        34       116
       466       111         2         0         7         4
        56         6        20       156
       467       111         2         0         7         4
       128         6        20        33
       468       111         2         0         7         4
       126         5        39       182
       469       111         2         0         7         4
        12       170        49       140
       470       111         2         0         7         4
        30         3       188       158
       471       111         2         0         7         4
       116         1        34       121
       472       111         2         0         7         4
        36       125         8       172
       473       111         2         0         7         4
       180        46       138        45
       474       111         2         0         7         4
         6        32       128       156
       475       111         2         0         7         4
       148        19        57       146
       476       111         2         0         7         4
       120        31         4       152
       477       111         2         0         7         4
        58        57        19       146
       478       111         2         0         7         4
        63        64        15       166
       479       111         2         0         7         4
        57        56        19       148
       480       111         2         0         7         4
        33        34         1       121
       481       111         2         0         7         4
       158       120         4       152
       482       111         2         0         7         4
       161        63        15       166
       483       111         2         0         7         4
       182       126         5       188
       484       111         2         0         7         4
        62        63        15       161
       485       111         2         0         7         4
        30       120         4       158
       486       111         2         0         7         4
         4         3        30       158
       487       111         2         0         7         4
       188         5         3        30
       488       111         2         0         7         4
       188       126         5        30
       489       111         2         0         7         4
       228       114       144       227
       490       111         2         0         7         4
       228       144       114       122
       491       111         2         0         7         4
       226        17        18       132
       492       111         2         0         7         4
       226        18        17       112
       493       111         2         0         7         4
         1       225        14       111
       494       111         2         0         7         4
        14       225         1       116
       495       111         2         0         7         4
       129       155        41       145
       496       111         2         0         7         4
        41       155       129       143
       497       111         3         0         7         4
       216       190       204       209
       498       111         3         0         7         4
       207       202       204       191
       499       111         3         0         7         4
       209       216       190        65
       500       111         3         0         7         4
       216       208       190        65
       501       111         3         0         7         4
       202       198       204       191
       502       111         3         0         7         4
       201       193       195       229
       503       111         3         0         7         4
       202       203        66       196
       504       111         3         0         7         4
        66       198       203       202
       505       111         3         0         7         4
       203       201        66       196
       506       111         3         0         7         4
       191       202        66       196
       507       111         3         0         7         4
       203       201       193        66
       508       111         3         0         7         4
       202        66       198       191
       509       111         3         0         7         4
        66       201       193       195
       510       111         3         0         7         4
       195        66       201       196
       511       111         3         0         7         4
       209        65       206       207
       512       111         3         0         7         4
       201       199       193       229
       513       111         3         0         7         4
       201       195       200       229
       514       111         3         0         7         4
       209         3       192       206
       515       111         3         0         7         4
       206       192       209       207
       516       111         3         0         7         4
       201       215       199       229
       517       111         3         0         7         4
       208       213         3        65
       518       111         3         0         7         4
       199       203       201       193
       519       111         3         0         7         4
       198       204       203       202
       520       111         3         0         7         4
       201       200       214       229
       521       111         3         0         7         4
        67       195       193       229
       522       111         3         0         7         4
       200       195       201       196
       523       111         3         0         7         4
       201       203       202       196
       524       111         3         0         7         4
       191       207       202       196
       525       111         3         0         7         4
        65       206       207       191
       526       111         3         0         7         4
       198       203       193        66
       527       111         3         0         7         4
        66       193        67       195
       528       111         3         0         7         4
       217       189       205       229
       529       111         3         0         7         4
       216       204       203       198
       530       111         3         0         7         4
       210       189       217       229
       531       111         3         0         7         4
       217       189        70       205
       532       111         3         0         7         4
       189        71       210       217
       533       111         3         0         7         4
       195       191        66       196
       534       111         3         0         7         4
       201       214       215       229
       535       111         3         0         7         4
       199       203       215       201
       536       111         3         0         7         4
        65       198        66       191
       537       111         3         0         7         4
       217       205       194       229
       538       111         3         0         7         4
       209       202       204       207
       539       111         3         0         7         4
       217        69       194       205
       540       111         3         0         7         4
       210       217       197       229
       541       111         3         0         7         4
        72       197       210       217
       542       111         3         0         7         4
       209         3       190        75
       543       111         3         0         7         4
       214       205       189       229
       544       111         3         0         7         4
       205       214       200       229
       545       111         3         0         7         4
        69       217        70       205
       546       111         3         0         7         4
       212       217       211       229
       547       111         3         0         7         4
       189        70        71       217
       548       111         3         0         7         4
        71        72       210       217
       549       111         3         0         7         4
        74       209         3       192
       550       111         3         0         7         4
       211       217       194       229
       551       111         3         0         7         4
       193       199       197       229
       552       111         3         0         7         4
       194       200       195       229
       553       111         3         0         7         4
        69        68       217       194
       554       111         3         0         7         4
       205       200       194       229
       555       111         3         0         7         4
       190        76         3       208
       556       111         3         0         7         4
         3       209        74        75
       557       111         3         0         7         4
         3        76       190        75
       558       111         3         0         7         4
        68       211       217       194
       559       111         3         0         7         4
       193       212        67       229
       560       111         3         0         7         4
       193       197       212       229
       561       111         3         0         7         4
       211       194       195       229
       562       111         3         0         7         4
       206        65         3        30
       563       111         3         0         7         4
       213         4         3        65
       564       111         3         0         7         4
        72       197       217        73
       565       111         3         0         7         4
       212       217        13       211
       566       111         3         0         7         4
       217       212       197       229
       567       111         3         0         7         4
        65         4         3        30
       568       111         3         0         7         4
       211       195        67       229
       569       111         3         0         7         4
       212       217       197        73
       570       111         3         0         7         4
       214       189       215       229
       571       111         3         0         7         4
       215       189       210       229
       572       111         3         0         7         4
        76        77         3       208
       573       111         3         0         7         4
       199       210       197       229
       574       111         3         0         7         4
       192         3         5       206
       575       111         3         0         7         4
        13       217       212        73
       576       111         3         0         7         4
       212       211        67       229
       577       111         3         0         7         4
       211       217        13        68
       578       111         3         0         7         4
       199       215       210       229
       579       111         3         0         7         4
       213         3        77       208
       580       111         3         0         7         4
         3         5        74       192
       581       111         3         0         7         4
        77         4         3       213
       582       111         3         0         7         4
         3         5       206        30
       583       111         3         0         7         4
        13        67       212       211
       584       111         3         0         7         4
        65       208       198       216
       585       111         3         0         7         4
        65       198       208       213
       586       111         3         0         7         4
       191        65       204       207
       587       111         3         0         7         4
       209        65       204       216
       588       111         3         0         7         4
       209       204        65       207
       589       111         3         0         7         4
       190         3        65       208
       590       111         3         0         7         4
        65       209         3       190
       591       111         3         0         7         4
         3       209        65       206
       592       111         3         0         7         4
        65       204       198       191
       593       111         3         0         7         4
        65       198       204       216
    -1
    -1
  2477
         1         0         0         0         0         0         0       120
Domain_1
         8         1         0         0         8         2         0         0
         8         3         0         0         8         4         0         0
         8         5         0         0         8         6         0         0
         8         7         0         0         8         8         0         0
         8         9         0         0         8        10         0         0
         8        11         0         0         8        12         0         0
         8        13         0         0         8        14         0         0
         8        15         0         0         8        16         0         0
         8        17         0         0         8        18         0         0
         8        19         0         0         8        20         0         0
         8        21         0         0         8        22         0         0
         8        23         0         0         8        24         0         0
         8        25         0         0         8        26         0         0
         8        27         0         0         8        28         0         0
         8        29         0         0         8        30         0         0
         8        31         0         0         8        32         0         0
         8        33         0         0         8        34         0         0
         8        35         0         0         8        36         0         0
         8        37         0         0         8        38         0         0
         8        39         0         0         8        40         0         0
         8        41         0         0         8        42         0         0
         8        43         0         0         8        44         0         0
         8        45         0         0         8        46         0         0
         8        47         0         0         8        48         0         0
         8        49         0         0         8        50         0         0
         8        51         0         0         8        52         0         0
         8        53         0         0         8        54         0         0
         8        55         0         0         8        56         0         0
         8        57         0         0         8        58         0         0
         8        59         0         0         8        60         0         0
         8        61         0         0         8        62         0         0
         8        63         0         0         8        64         0         0
         8        65         0         0         8        66         0         0
         8        67         0         0         8        68         0         0
         8        69         0         0         8        70         0         0
         8        71         0         0         8        72         0         0
         8        73         0         0         8        74         0         0
         8        75         0         0         8        76         0         0
         8        77         0         0         8        78         0         0
         8        79         0         0         8        80         0         0
         8        81         0         0         8        82         0         0
         8        83         0         0         8        84         0         0
         8        85         0         0         8        86         0         0
         8        87         0         0         8        88         0         0
         8        89         0         0         8        90         0         0
         8        91         0         0         8        92         0         0
         8        93         0         0         8        94         0         0
         8        95         0         0         8        96         0         0
         8        97         0         0         8        98         0         0
         8        99         0         0         8       100         0         0
         8       101         0         0         8       102         0         0
         8       103         0         0         8       104         0         0
         8       105         0         0         8       106         0         0
         8       107         0         0         8       108         0         0
         8       109         0         0         8       110         0         0
         8       111         0         0         8       112         0         0
         8       113         0         0         8       114         0         0
         8       115         0         0         8       116         0         0
         8       117         0         0         8       118         0         0
         8       119         0         0         8       120         0         0
         2         0         0         0         0         0         0       376
Domain_2
         8       121         0         0         8       122         0         0
         8       123         0         0         8       124         0         0
         8       125         0         0         8       126         0         0
         8       127         0         0         8       128         0         0
         8       129         0         0         8       130         0         0
         8       131         0         0         8       132         0         0
         8       133         0         0         8       134         0         0
         8       135         0         0         8       136         0         0
         8       137         0         0         8       138         0         0
         8       139         0         0         8       140         0         0
         8       141         0         0         8       142         0         0
         8       143         0         0         8       144         0         0
         8       145         0         0         8       146         0         0
         8       147         0         0         8       148         0         0
         8       149         0         0         8       150         0         0
         8       151         0         0         8       152         0         0
         8       153         0         0         8       154         0         0
         8       155         0         0         8       156         0         0
         8       157         0         0         8       158         0         0
         8       159         0         0         8       160         0         0
         8       161         0         0         8       162         0         0
         8       163         0         0         8       164         0         0
         8       165         0         0         8       166         0         0
         8       167         0         0         8       168         0         0
         8       169         0         0         8       170         0         0
         8       171         0         0         8       172         0         0
         8       173         0         0         8       174         0         0
         8       175         0         0         8       176         0         0
         8       177         0         0         8       178         0         0
         8       179         0         0         8       180         0         0
         8       181         0         0         8       182         0         0
         8       183         0         0         8       184         0         0
         8       185         0         0         8       186         0         0
         8       187         0         0         8       188         0         0
         8       189         0         0         8       190         0         0
         8       191         0         0         8       192         0         0
         8       193         0         0         8       194         0         0
         8       195         0         0         8       196         0         0
         8       197         0         0         8       198         0         0
         8       199         0         0         8       200         0         0
         8       201         0         0         8       202         0         0
         8       203         0         0         8       204         0         0
         8       205         0         0         8       206         0         0
         8       207         0         0         8       208         0         0
         8       209         0         0         8       210         0         0
         8       211         0         0         8       212         0         0
         8       213         0         0         8       214         0         0
         8       215         0         0         8       216         0         0
         8       217         0         0         8       218         0         0
         8       219         0         0         8       220         0         0
         8       221         0         0         8       222         0         0
         8       223         0         0         8       224         0         0
         8       225         0         0         8       226         0         0
         8       227         0         0         8       228         0         0
         8       229         0         0         8       230         0         0
         8       231         0         0         8       232         0         0
         8       233         0         0         8       234         0         0
         8       235         0         0         8       236         0         0
         8       237         0         0         8       238         0         0
         8       239         0         0         8       240         0         0
         8       241         0         0         8       242         0         0
         8       243         0         0         8       244         0         0
         8       245         0         0         8       246         0         0
         8       247         0         0         8       248         0         0
         8       249         0         0         8       250         0         0
         8       251         0         0         8       252         0         0
         8       253         0         0         8       254         0         0
         8       255         0         0         8       256         0         0
         8       257         0         0         8       258         0         0
         8       259         0         0         8       260         0         0
         8       261         0         0         8       262         0         0
         8       263         0         0         8       264         0         0
         8       265         0         0         8       266         0         0
         8       267         0         0         8       268         0         0
         8       269         0         0         8       270         0         0
         8       271         0         0         8       272         0         0
         8       273         0         0         8       274         0         0
         8       275         0         0         8       276         0         0
         8       277         0         0         8       278         0         0
         8       279         0         0         8       280         0         0
         8       281         0         0         8       282         0         0
         8       283         0         0         8       284         0         0
         8       285         0         0         8       286         0         0
         8       287         0         0         8       288         0         0
         8       289         0         0         8       290         0         0
         8       291         0         0         8       292         0         0
         8       293         0         0         8       294         0         0
         8       295         0         0         8       296         0         0
         8       297         0         0         8       298         0         0
         8       299         0         0         8       300         0         0
         8       301         0         0         8       302         0         0
         8       303         0         0         8       304         0         0
         8       305         0         0         8       306         0         0
         8       307         0         0         8       308         0         0
         8       309         0         0         8       310         0         0
         8       311         0         0         8       312         0         0
         8       313         0         0         8       314         0         0
         8       315         0         0         8       316         0         0
         8       317         0         0         8       318         0         0
         8       319         0         0         8       320         0         0
         8       321         0         0         8       322         0         0
         8       323         0         0         8       324         0         0
         8       325         0         0         8       326         0         0
         8       327         0         0         8       328         0         0
         8       329         0         0         8       330         0         0
         8       331         0         0         8       332         0         0
         8       333         0         0         8       334         0         0
         8       335         0         0         8       336         0         0
         8       337         0         0         8       338         0         0
         8       339         0         0         8       340         0         0
         8       341         0         0         8       342         0         0
         8       343         0         0         8       344         0         0
         8       345         0         0         8       346         0         0
         8       347         0         0         8       348         0         0
         8       349         0         0         8       350         0         0
         8       351         0         0         8       352         0         0
         8       353         0         0         8       354         0         0
         8       355         0         0         8       356         0         0
         8       357         0         0         8       358         0         0
         8       359         0         0         8       360         0         0
         8       361         0         0         8       362         0         0
         8       363         0         0         8       364         0         0
         8       365         0         0         8       366         0         0
         8       367         0         0         8       368         0         0
         8       369         0         0         8       370         0         0
         8       371         0         0         8       372         0         0
         8       373         0         0         8       374         0         0
         8       375         0         0         8       376         0         0
         8       377         0         0         8       378         0         0
         8       379         0         0         8       380         0         0
         8       381         0         0         8       382         0         0
         8       383         0         0         8       384         0         0
         8       385         0         0         8       386         0         0
         8       387         0         0         8       388         0         0
         8       389         0         0         8       390         0         0
         8       391         0         0         8       392         0         0
         8       393         0         0         8       394         0         0
         8       395         0         0         8       396         0         0
         8       397         0         0         8       398         0         0
         8       399         0         0         8       400         0         0
         8       401         0         0         8       402         0         0
         8       403         0         0         8       404         0         0
         8       405         0         0         8       406         0         0
         8       407         0         0         8       408         0         0
         8       409         0         0         8       410         0         0
         8       411         0         0         8       412         0         0
         8       413         0         0         8       414         0         0
         8       415         0         0         8       416         0         0
         8       417         0         0         8       418         0         0
         8       419         0         0         8       420         0         0
         8       421         0         0         8       422         0         0
         8       423         0         0         8       424         0         0
         8       425         0         0         8       426         0         0
         8       427         0         0         8       428         0         0
         8       429         0         0         8       430         0         0
         8       431         0         0         8       432         0         0
         8       433         0         0         8       434         0         0
         8       435         0         0         8       436         0         0
         8       437         0         0         8       438         0         0
         8       439         0         0         8       440         0         0
         8       441         0         0         8       442         0         0
         8       443         0         0         8       444         0         0
         8       445         0         0         8       446         0         0
         8       447         0         0         8       448         0         0
         8       449         0         0         8       450         0         0
         8       451         0         0         8       452         0         0
         8       453         0         0         8       454         0         0
         8       455         0         0         8       456         0         0
         8       457         0         0         8       458         0         0
         8       459         0         0         8       460         0         0
         8       461         0         0         8       462         0         0
         8       463         0         0         8       464         0         0
         8       465         0         0         8       466         0         0
         8       467         0         0         8       468         0         0
         8       469         0         0         8       470         0         0
         8       471         0         0         8       472         0         0
         8       473         0         0         8       474         0         0
         8       475         0         0         8       476         0         0
         8       477         0         0         8       478         0         0
         8       479         0         0         8       480         0         0
         8       481         0         0         8       482         0         0
         8       483         0         0         8       484         0         0
         8       485         0         0         8       486         0         0
         8       487         0         0         8       488         0         0
         8       489         0         0         8       490         0         0
         8       491         0         0         8       492         0         0
         8       493         0         0         8       494         0         0
         8       495         0         0         8       496         0         0
         3         0         0         0         0         0         0        97
Domain_3
         8       497         0         0         8       498         0         0
         8       499         0         0         8       500         0         0
         8       501         0         0         8       502         0         0
         8       503         0         0         8       504         0         0
         8       505         0         0         8       506         0         0
         8       507         0         0         8       508         0         0
         8       509         0         0         8       510         0         0
         8       511         0         0         8       512         0         0
         8       513         0         0         8       514         0         0
         8       515         0         0         8       516         0         0
         8       517         0         0         8       518         0         0
         8       519         0         0         8       520         0         0
         8       521         0         0         8       522         0         0
         8       523         0         0         8       524         0         0
         8       525         0         0         8       526         0         0
         8       527         0         0         8       528         0         0
         8       529         0         0         8       530         0         0
         8       531         0         0         8       532         0         0
         8       533         0         0         8       534         0         0
         8       535         0         0         8       536         0         0
         8       537         0         0         8       538         0         0
         8       539         0         0         8       540         0         0
         8       541         0         0         8       542         0         0
         8       543         0         0         8       544         0         0
         8       545         0         0         8       546         0         0
         8       547         0         0         8       548         0         0
         8       549         0         0         8       550         0         0
         8       551         0         0         8       552         0         0
         8       553         0         0         8       554         0         0
         8       555         0         0         8       556         0         0
         8       557         0         0         8       558         0         0
         8       559         0         0         8       560         0         0
         8       561         0         0         8       562         0         0
         8       563         0         0         8       564         0         0
         8       565         0         0         8       566         0         0
         8       567         0         0         8       568         0         0
         8       569         0         0         8       570         0         0
         8       571         0         0         8       572         0         0
         8       573         0         0         8       574         0         0
         8       575         0         0         8       576         0         0
         8       577         0         0         8       578         0         0
         8       579         0         0         8       580         0         0
         8       581         0         0         8       582         0         0
         8       583         0         0         8       584         0         0
         8       585         0         0         8       586         0         0
         8       587         0         0         8       588         0         0
         8       589         0         0         8       590         0         0
         8       591         0         0         8       592         0         0
         8       593         0         0
    -1
